,site_id,lag_m,gamma,var_type,direction,geological_unit,measurement_method,data_source,ISO 3166
0,Aurora_oil_sands_mine,21.97035745422842,0.6428571428571428,saturated_hydraulic_conductivty,x,1/1,nan,10.1016/j.geoderma.2015.08.014,CAN
1,Aurora_oil_sands_mine,41.150828247602455,0.7707792207792208,saturated_hydraulic_conductivty,x,1/1,nan,10.1016/j.geoderma.2015.08.014,CAN
2,Aurora_oil_sands_mine,64.16739319965127,0.6909090909090909,saturated_hydraulic_conductivty,x,1/1,nan,10.1016/j.geoderma.2015.08.014,CAN
3,Aurora_oil_sands_mine,87.5326939843069,0.8058441558441558,saturated_hydraulic_conductivty,x,1/1,nan,10.1016/j.geoderma.2015.08.014,CAN
4,Aurora_oil_sands_mine,111.59546643417612,0.7220779220779221,saturated_hydraulic_conductivty,x,1/1,nan,10.1016/j.geoderma.2015.08.014,CAN
5,Aurora_oil_sands_mine,137.05318221447254,0.7474025974025974,saturated_hydraulic_conductivty,x,1/1,nan,10.1016/j.geoderma.2015.08.014,CAN
6,Aurora_oil_sands_mine,162.51089799476895,0.7753246753246753,saturated_hydraulic_conductivty,x,1/1,nan,10.1016/j.geoderma.2015.08.014,CAN
7,Aurora_oil_sands_mine,187.27114210985184,0.7272727272727273,saturated_hydraulic_conductivty,x,1/1,nan,10.1016/j.geoderma.2015.08.014,CAN
8,Aurora_oil_sands_mine,212.38012205754143,0.8253246753246752,saturated_hydraulic_conductivty,x,1/1,nan,10.1016/j.geoderma.2015.08.014,CAN
9,Aurora_oil_sands_mine,237.83783783783787,0.7188311688311688,saturated_hydraulic_conductivty,x,1/1,nan,10.1016/j.geoderma.2015.08.014,CAN
10,Aurora_oil_sands_mine,261.9006102877072,0.7811688311688312,saturated_hydraulic_conductivty,x,1/1,nan,10.1016/j.geoderma.2015.08.014,CAN
11,Aurora_oil_sands_mine,287.7070619006103,0.7350649350649351,saturated_hydraulic_conductivty,x,1/1,nan,10.1016/j.geoderma.2015.08.014,CAN
12,Aurora_oil_sands_mine,312.81604184830013,0.7954545454545454,saturated_hydraulic_conductivty,x,1/1,nan,10.1016/j.geoderma.2015.08.014,CAN
13,Aurora_oil_sands_mine,337.9250217959896,0.8305194805194804,saturated_hydraulic_conductivty,x,1/1,nan,10.1016/j.geoderma.2015.08.014,CAN
14,Aurora_oil_sands_mine,363.0340017436792,0.7980519480519479,saturated_hydraulic_conductivty,x,1/1,nan,10.1016/j.geoderma.2015.08.014,CAN
15,Aurora_oil_sands_mine,388.1429816913688,0.759090909090909,saturated_hydraulic_conductivty,x,1/1,nan,10.1016/j.geoderma.2015.08.014,CAN
16,Baishuihe_landslide,1.8720795734037081,1.107922681510124,hydraulic_conductivty,x,1/1,nan,10.1155/2018/7290640,CHN
17,Baishuihe_landslide,3.970318652730741,1.6384120395695618,hydraulic_conductivty,x,1/1,nan,10.1155/2018/7290640,CHN
18,Baishuihe_landslide,6.021079268572763,1.3510545897935915,hydraulic_conductivty,x,1/1,nan,10.1155/2018/7290640,CHN
19,Baishuihe_landslide,8.048288562158369,1.6659261640992664,hydraulic_conductivty,x,1/1,nan,10.1155/2018/7290640,CHN
20,Baishuihe_landslide,10.07077923975998,1.7007478797546318,hydraulic_conductivty,x,1/1,nan,10.1155/2018/7290640,CHN
21,Baishuihe_landslide,12.060782455100075,1.807438710189288,hydraulic_conductivty,x,1/1,nan,10.1155/2018/7290640,CHN
22,Baishuihe_landslide,14.010030190790765,1.4952918234318957,hydraulic_conductivty,x,1/1,nan,10.1155/2018/7290640,CHN
23,Baishuihe_landslide,16.034483478580402,1.6465944537471242,hydraulic_conductivty,x,1/1,nan,10.1155/2018/7290640,CHN
24,Baishuihe_landslide,18.018473590365673,1.3964075882026248,hydraulic_conductivty,x,1/1,nan,10.1155/2018/7290640,CHN
25,Baishuihe_landslide,20.04121481394873,1.4460992078571218,hydraulic_conductivty,x,1/1,nan,10.1155/2018/7290640,CHN
26,Baishuihe_landslide,21.965282678503577,1.63952696918702,hydraulic_conductivty,x,1/1,nan,10.1155/2018/7290640,CHN
27,Baishuihe_landslide,24.053792222217584,1.5925683886135205,hydraulic_conductivty,x,1/1,nan,10.1155/2018/7290640,CHN
28,Baishuihe_landslide,26.04108118942528,1.5381685923909187,hydraulic_conductivty,x,1/1,nan,10.1155/2018/7290640,CHN
29,Baishuihe_landslide,28.06114992253953,1.4292479027213472,hydraulic_conductivty,x,1/1,nan,10.1155/2018/7290640,CHN
30,Baishuihe_landslide,29.98475845279505,1.5954141733861706,hydraulic_conductivty,x,1/1,nan,10.1155/2018/7290640,CHN
31,Baishuihe_landslide,32.04199150649123,1.6921959102544295,hydraulic_conductivty,x,1/1,nan,10.1155/2018/7290640,CHN
32,Baishuihe_landslide,34.09525758214777,1.5535375004697738,hydraulic_conductivty,x,1/1,nan,10.1155/2018/7290640,CHN
33,Baishuihe_landslide,36.0858454047779,1.6949247735690696,hydraulic_conductivty,x,1/1,nan,10.1155/2018/7290640,CHN
34,Baishuihe_landslide,38.07630795441733,1.8288770946687996,hydraulic_conductivty,x,1/1,nan,10.1155/2018/7290640,CHN
35,Boom_Clay_formation,1.5493001415908445,0.04226125061579966,hydraulic_conductivity,x,1/1,nan,10.1016/j.pce.2013.05.014,BEL
36,Boom_Clay_formation,4.910274121258265,0.09118519462712693,hydraulic_conductivity,x,1/1,nan,10.1016/j.pce.2013.05.014,BEL
37,Boom_Clay_formation,9.704243935881042,0.07651176650945837,hydraulic_conductivity,x,1/1,nan,10.1016/j.pce.2013.05.014,BEL
38,Boom_Clay_formation,14.657512066227303,0.14379635722233902,hydraulic_conductivity,x,1/1,nan,10.1016/j.pce.2013.05.014,BEL
39,Boom_Clay_formation,19.735490383190992,0.1318179782480631,hydraulic_conductivity,x,1/1,nan,10.1016/j.pce.2013.05.014,BEL
40,Boom_Clay_formation,24.697577797452738,0.11471270149135475,hydraulic_conductivity,x,1/1,nan,10.1016/j.pce.2013.05.014,BEL
41,Boom_Clay_formation,29.74000337613213,0.1398059757538594,hydraulic_conductivity,x,1/1,nan,10.1016/j.pce.2013.05.014,BEL
42,Boom_Clay_formation,34.591711940139106,0.1273301340462255,hydraulic_conductivity,x,1/1,nan,10.1016/j.pce.2013.05.014,BEL
43,Boom_Clay_formation,39.914425385757546,0.1485329327908556,hydraulic_conductivity,x,1/1,nan,10.1016/j.pce.2013.05.014,BEL
44,Boom_Clay_formation,45.36556965339526,0.19705828650959625,hydraulic_conductivity,x,1/1,nan,10.1016/j.pce.2013.05.014,BEL
45,Botucatu_Formation,1.0123942837633522,0.5267326732673263,saturated_hydraulic_conductivty,x,1/1,nan,10.1016/j.compgeo.2018.03.004,BRA
46,Botucatu_Formation,1.9808106130810117,2.174257425742573,saturated_hydraulic_conductivty,x,1/1,nan,10.1016/j.compgeo.2018.03.004,BRA
47,Botucatu_Formation,3.036503926254693,1.3504950495049501,saturated_hydraulic_conductivty,x,1/1,nan,10.1016/j.compgeo.2018.03.004,BRA
48,Botucatu_Formation,4.0420270204360325,1.5524752475247516,saturated_hydraulic_conductivty,x,1/1,nan,10.1016/j.compgeo.2018.03.004,BRA
49,Botucatu_Formation,5.005901575379212,1.6633663366336622,saturated_hydraulic_conductivty,x,1/1,nan,10.1016/j.compgeo.2018.03.004,BRA
50,Botucatu_Formation,5.999239135736233,1.7425742574257417,saturated_hydraulic_conductivty,x,1/1,nan,10.1016/j.compgeo.2018.03.004,BRA
51,Carrizo_aquifer,627.1777003484332,0.03518796992481205,hydraulic_transmissivity,x,1/1,nan,10.1007/s11004-005-7308-5,US
52,Carrizo_aquifer,3275.2613240418104,0.0893233082706767,hydraulic_transmissivity,x,1/1,nan,10.1007/s11004-005-7308-5,US
53,Carrizo_aquifer,6898.954703832752,0.12360902255639099,hydraulic_transmissivity,x,1/1,nan,10.1007/s11004-005-7308-5,US
54,Carrizo_aquifer,10104.529616724742,0.1242105263157895,hydraulic_transmissivity,x,1/1,nan,10.1007/s11004-005-7308-5,US
55,Carrizo_aquifer,13658.536585365851,0.09353383458646616,hydraulic_transmissivity,x,1/1,nan,10.1007/s11004-005-7308-5,US
56,Carrizo_aquifer,17630.662020905922,0.13203007518796994,hydraulic_transmissivity,x,1/1,nan,10.1007/s11004-005-7308-5,US
57,Carrizo_aquifer,20905.923344947736,0.15127819548872182,hydraulic_transmissivity,x,1/1,nan,10.1007/s11004-005-7308-5,US
58,Carrizo_aquifer,24599.303135888505,0.14796992481203008,hydraulic_transmissivity,x,1/1,nan,10.1007/s11004-005-7308-5,US
59,Carrizo_aquifer,27944.250871080138,0.07789473684210528,hydraulic_transmissivity,x,1/1,nan,10.1007/s11004-005-7308-5,US
60,Carrizo_aquifer,31707.31707317072,0.1037593984962406,hydraulic_transmissivity,x,1/1,nan,10.1007/s11004-005-7308-5,US
61,Carrizo_aquifer,35191.637630662015,0.1218045112781955,hydraulic_transmissivity,x,1/1,nan,10.1007/s11004-005-7308-5,US
62,Carrizo_aquifer,38675.95818815331,0.17112781954887218,hydraulic_transmissivity,x,1/1,nan,10.1007/s11004-005-7308-5,US
63,Carrizo_aquifer,41881.5331010453,0.12150375939849625,hydraulic_transmissivity,x,1/1,nan,10.1007/s11004-005-7308-5,US
64,Carrizo_aquifer,45783.97212543554,0.11398496240601505,hydraulic_transmissivity,x,1/1,nan,10.1007/s11004-005-7308-5,US
65,Carrizo_aquifer,48989.54703832752,0.1218045112781955,hydraulic_transmissivity,x,1/1,nan,10.1007/s11004-005-7308-5,US
66,Carrizo_aquifer,52195.12195121951,0.1374436090225564,hydraulic_transmissivity,x,1/1,nan,10.1007/s11004-005-7308-5,US
67,Carrizo_aquifer,56376.306620209056,0.11458646616541356,hydraulic_transmissivity,x,1/1,nan,10.1007/s11004-005-7308-5,US
68,Carrizo_aquifer,59721.254355400706,0.09834586466165417,hydraulic_transmissivity,x,1/1,nan,10.1007/s11004-005-7308-5,US
69,Dammam_aquifer,1728.317864703833,0.3140950628422381,hydraulic_transmissivity,x,1/1,nan,10.3390/w10070828,KWT
70,Dammam_aquifer,3941.1507231100404,0.543042689844301,hydraulic_transmissivity,x,1/1,nan,10.3390/w10070828,KWT
71,Dammam_aquifer,6236.165328235686,0.7406093955175219,hydraulic_transmissivity,x,1/1,nan,10.3390/w10070828,KWT
72,Dammam_aquifer,8864.551975488399,0.7543569724959132,hydraulic_transmissivity,x,1/1,nan,10.3390/w10070828,KWT
73,Dammam_aquifer,11331.433624840329,0.7949922731292485,hydraulic_transmissivity,x,1/1,nan,10.3390/w10070828,KWT
74,Dammam_aquifer,13786.523980097725,0.9836083146488964,hydraulic_transmissivity,x,1/1,nan,10.3390/w10070828,KWT
75,Dammam_aquifer,16085.826328530458,1.1273638418180028,hydraulic_transmissivity,x,1/1,nan,10.3390/w10070828,KWT
76,Dammam_aquifer,18540.91668378785,1.3159798833376508,hydraulic_transmissivity,x,1/1,nan,10.3390/w10070828,KWT
77,Dammam_aquifer,21161.79978025315,1.4238970226982408,hydraulic_transmissivity,x,1/1,nan,10.3390/w10070828,KWT
78,Dammam_aquifer,23628.32411766282,1.4690165882069188,hydraulic_transmissivity,x,1/1,nan,10.3390/w10070828,KWT
79,Dammam_aquifer,26245.991406647798,1.6172921114455945,hydraulic_transmissivity,x,1/1,nan,10.3390/w10070828,KWT
80,Dammam_aquifer,28782.19157279784,1.7879800262624277,hydraulic_transmissivity,x,1/1,nan,10.3390/w10070828,KWT
81,Dammam_aquifer,31160.102548527422,1.9451972808561195,hydraulic_transmissivity,x,1/1,nan,10.3390/w10070828,KWT
82,Dammam_aquifer,33710.237880425564,1.9409988655345831,hydraulic_transmissivity,x,1/1,nan,10.3390/w10070828,KWT
83,Dammam_aquifer,36180.692649200086,1.9367915174144903,hydraulic_transmissivity,x,1/1,nan,10.3390/w10070828,KWT
84,Dammam_aquifer,38903.409649208996,1.766693167302384,hydraulic_transmissivity,x,1/1,nan,10.3390/w10070828,KWT
85,Dammam_aquifer,41191.278015489464,2.0539451704824603,hydraulic_transmissivity,x,1/1,nan,10.3390/w10070828,KWT
86,Dammam_aquifer,43597.41663465748,1.856905499924071,hydraulic_transmissivity,x,1/1,nan,10.3390/w10070828,KWT
87,Dammam_aquifer,46244.02619096538,1.64195556825998,hydraulic_transmissivity,x,1/1,nan,10.3390/w10070828,KWT
88,Dammam_aquifer,48479.369701733856,1.5883945081154474,hydraulic_transmissivity,x,1/1,nan,10.3390/w10070828,KWT
89,Dammam_aquifer,51254.2542453125,1.7635934862032925,hydraulic_transmissivity,x,1/1,nan,10.3390/w10070828,KWT
90,Dammam_aquifer,53394.552779440266,1.902846882899944,hydraulic_transmissivity,x,1/1,nan,10.3390/w10070828,KWT
91,Dammam_aquifer,56277.34552958097,1.7237978686342643,hydraulic_transmissivity,x,1/1,nan,10.3390/w10070828,KWT
92,Dammam_aquifer,58568.787015284026,1.966207223060913,hydraulic_transmissivity,x,1/1,nan,10.3390/w10070828,KWT
93,Dammam_aquifer,61107.48836502988,2.105505283750346,hydraulic_transmissivity,x,1/1,nan,10.3390/w10070828,KWT
94,Dammam_aquifer,63506.12343341045,2.0026351755741554,hydraulic_transmissivity,x,1/1,nan,10.3390/w10070828,KWT
95,Dammam_aquifer,66058.04532501988,1.9760154358759052,hydraulic_transmissivity,x,1/1,nan,10.3390/w10070828,KWT
96,Dammam_aquifer,68522.42579077597,2.0480405906366403,hydraulic_transmissivity,x,1/1,nan,10.3390/w10070828,KWT
97,Dammam_aquifer,71025.03863435375,1.6402494037356958,hydraulic_transmissivity,x,1/1,nan,10.3390/w10070828,KWT
98,Dammam_aquifer,73486.91791651407,1.7436644126238303,hydraulic_transmissivity,x,1/1,nan,10.3390/w10070828,KWT
99,Dammam_aquifer,75967.37741967183,1.6138976479941398,hydraulic_transmissivity,x,1/1,nan,10.3390/w10070828,KWT
100,Dammam_aquifer,78444.97842729147,1.5200050023671914,hydraulic_transmissivity,x,1/1,nan,10.3390/w10070828,KWT
101,Dammam_aquifer,80932.58416929441,1.3005529402306446,hydraulic_transmissivity,x,1/1,nan,10.3390/w10070828,KWT
102,Dammam_aquifer,83714.97226366049,1.381582355936291,hydraulic_transmissivity,x,1/1,nan,10.3390/w10070828,KWT
103,Dammam_aquifer,85842.05025592468,1.6867535530206257,hydraulic_transmissivity,x,1/1,nan,10.3390/w10070828,KWT
104,East_Central_Kansas,0.3517762237762234,0.2637362637362637,saturated_hydraulic_conductivty,x,1/1,nan,10.1061/(ASCE)1084-0699(1996)1:3(131),US
105,East_Central_Kansas,0.5313086913086909,0.8923076923076922,saturated_hydraulic_conductivty,x,1/1,nan,10.1061/(ASCE)1084-0699(1996)1:3(131),US
106,East_Central_Kansas,0.9945574425574416,0.4989010989010989,saturated_hydraulic_conductivty,x,1/1,nan,10.1061/(ASCE)1084-0699(1996)1:3(131),US
107,East_Central_Kansas,1.3972107892107897,0.7692307692307693,saturated_hydraulic_conductivty,x,1/1,nan,10.1061/(ASCE)1084-0699(1996)1:3(131),US
108,East_Central_Kansas,1.7834405594405591,0.5560439560439563,saturated_hydraulic_conductivty,x,1/1,nan,10.1061/(ASCE)1084-0699(1996)1:3(131),US
109,East_Central_Kansas,2.197306693306693,0.7428571428571431,saturated_hydraulic_conductivty,x,1/1,nan,10.1061/(ASCE)1084-0699(1996)1:3(131),US
110,East_Central_Kansas,2.6486393606393586,0.6263736263736266,saturated_hydraulic_conductivty,x,1/1,nan,10.1061/(ASCE)1084-0699(1996)1:3(131),US
111,East_Central_Kansas,3.026773226773225,0.6395604395604397,saturated_hydraulic_conductivty,x,1/1,nan,10.1061/(ASCE)1084-0699(1996)1:3(131),US
112,East_Central_Kansas,3.353254745254744,0.8571428571428575,saturated_hydraulic_conductivty,x,1/1,nan,10.1061/(ASCE)1084-0699(1996)1:3(131),US
113,East_Central_Kansas,3.7719560439560462,0.7142857142857149,saturated_hydraulic_conductivty,x,1/1,nan,10.1061/(ASCE)1084-0699(1996)1:3(131),US
114,Enfida_plain,403.86578312081787,2.140762463343112,hydraulic_transmissivity,x,1/1,nan,10.1007/s12517-012-0814-0,TUN
115,Enfida_plain,863.3722719981843,16.21700879765396,hydraulic_transmissivity,x,1/1,nan,10.1007/s12517-012-0814-0,TUN
116,Enfida_plain,1405.2397077169846,16.774193548387096,hydraulic_transmissivity,x,1/1,nan,10.1007/s12517-012-0814-0,TUN
117,Enfida_plain,1944.9976507185559,14.604105571847509,hydraulic_transmissivity,x,1/1,nan,10.1007/s12517-012-0814-0,TUN
118,Enfida_plain,2530.574682847004,11.671554252199414,hydraulic_transmissivity,x,1/1,nan,10.1007/s12517-012-0814-0,TUN
119,Enfida_plain,3100.5006399766685,8.504398826979468,hydraulic_transmissivity,x,1/1,nan,10.1007/s12517-012-0814-0,TUN
120,Enfida_plain,3635.653991348163,20.381231671554254,hydraulic_transmissivity,x,1/1,nan,10.1007/s12517-012-0814-0,TUN
121,Enfida_plain,4219.529819672395,15.249266862170089,hydraulic_transmissivity,x,1/1,nan,10.1007/s12517-012-0814-0,TUN
122,Enfida_plain,4760.603360282559,14.780058651026392,hydraulic_transmissivity,x,1/1,nan,10.1007/s12517-012-0814-0,TUN
123,Enfida_plain,5312.587287957094,8.416422287390027,hydraulic_transmissivity,x,1/1,nan,10.1007/s12517-012-0814-0,TUN
124,Enfida_plain,5907.623013236985,17.712609970674485,hydraulic_transmissivity,x,1/1,nan,10.1007/s12517-012-0814-0,TUN
125,Enfida_plain,6480.724550801183,18.651026392961874,hydraulic_transmissivity,x,1/1,nan,10.1007/s12517-012-0814-0,TUN
126,Enfida_plain,7014.108650216295,8.240469208211143,hydraulic_transmissivity,x,1/1,nan,10.1007/s12517-012-0814-0,TUN
127,Enfida_plain,7603.6551578879125,10.439882697947217,hydraulic_transmissivity,x,1/1,nan,10.1007/s12517-012-0814-0,TUN
128,Enfida_plain,8161.377813062004,11.495601173020525,hydraulic_transmissivity,x,1/1,nan,10.1007/s12517-012-0814-0,TUN
129,Enfida_plain,8704.583529106785,13.78299120234604,hydraulic_transmissivity,x,1/1,nan,10.1007/s12517-012-0814-0,TUN
130,Enfida_plain,9264.823965911111,18.09384164222874,hydraulic_transmissivity,x,1/1,nan,10.1007/s12517-012-0814-0,TUN
131,Enfida_plain,9850.514411626513,15.307917888563047,hydraulic_transmissivity,x,1/1,nan,10.1007/s12517-012-0814-0,TUN
132,Enfida_plain,10398.891787236109,24.281524926686217,hydraulic_transmissivity,x,1/1,nan,10.1007/s12517-012-0814-0,TUN
133,Enfida_plain,10938.69509567246,22.170087976539588,hydraulic_transmissivity,x,1/1,nan,10.1007/s12517-012-0814-0,TUN
134,Enfida_plain,11545.276324103634,26.39296187683284,hydraulic_transmissivity,x,1/1,nan,10.1007/s12517-012-0814-0,TUN
135,Enfida_plain,12060.514249607097,12.521994134897364,hydraulic_transmissivity,x,1/1,nan,10.1007/s12517-012-0814-0,TUN
136,Enfida_plain,12624.99635456327,22.316715542521997,hydraulic_transmissivity,x,1/1,nan,10.1007/s12517-012-0814-0,TUN
137,Enfida_plain,13211.23118549602,20.234604105571847,hydraulic_transmissivity,x,1/1,nan,10.1007/s12517-012-0814-0,TUN
138,Enfida_plain,13757.340289366664,26.275659824046922,hydraulic_transmissivity,x,1/1,nan,10.1007/s12517-012-0814-0,TUN
139,Fuchu_Honmachi_paddy_field,7.698922156737655,0.005709664091891872,saturated_hydraulic_conductivty,x,1/1,nan,10.1007/s10333-009-0190-x,JPN
140,Fuchu_Honmachi_paddy_field,13.101715527045359,0.015432823488019344,saturated_hydraulic_conductivty,x,1/1,nan,10.1007/s10333-009-0190-x,JPN
141,Fuchu_Honmachi_paddy_field,20.702094516766213,0.020230634807782432,saturated_hydraulic_conductivty,x,1/1,nan,10.1007/s10333-009-0190-x,JPN
142,Fuchu_Honmachi_paddy_field,26.96330836419805,0.02740008087839189,saturated_hydraulic_conductivty,x,1/1,nan,10.1007/s10333-009-0190-x,JPN
143,Fuchu_Honmachi_paddy_field,34.46762601481214,0.03219795059410581,saturated_hydraulic_conductivty,x,1/1,nan,10.1007/s10333-009-0190-x,JPN
144,Fuchu_Honmachi_paddy_field,42.34436384181123,0.032071581756521014,saturated_hydraulic_conductivty,x,1/1,nan,10.1007/s10333-009-0190-x,JPN
145,Fuchu_Honmachi_paddy_field,49.840798039064,0.033586781492571306,saturated_hydraulic_conductivty,x,1/1,nan,10.1007/s10333-009-0190-x,JPN
146,Fuchu_Honmachi_paddy_field,57.33460441852964,0.034007757902067066,saturated_hydraulic_conductivty,x,1/1,nan,10.1007/s10333-009-0190-x,JPN
147,Fuchu_Honmachi_paddy_field,64.54446048710986,0.03619182485886429,saturated_hydraulic_conductivty,x,1/1,nan,10.1007/s10333-009-0190-x,JPN
148,Fuchu_Honmachi_paddy_field,71.94162156796052,0.036369698925076535,saturated_hydraulic_conductivty,x,1/1,nan,10.1007/s10333-009-0190-x,JPN
149,Fuchu_Honmachi_paddy_field,79.32681147889205,0.03156277783698479,saturated_hydraulic_conductivty,x,1/1,nan,10.1007/s10333-009-0190-x,JPN
150,Fuchu_Honmachi_paddy_field,87.09741466526714,0.027241944643558412,saturated_hydraulic_conductivty,x,1/1,nan,10.1007/s10333-009-0190-x,JPN
151,Fuchu_Honmachi_paddy_field,95.6862911125743,0.04365009730225307,saturated_hydraulic_conductivty,x,1/1,nan,10.1007/s10333-009-0190-x,JPN
152,Hawaii_aquifer_Oahu,110.29411764705857,1.1958041958041896,hydraulic_conductivity,x,1/1,nan,10.1007/s10040-007-0271-0,US
153,Hawaii_aquifer_Oahu,551.4705882352941,4.384615384615381,hydraulic_conductivity,x,1/1,nan,10.1007/s10040-007-0271-0,US
154,Hawaii_aquifer_Oahu,1020.2205882352936,5.895104895104891,hydraulic_conductivity,x,1/1,nan,10.1007/s10040-007-0271-0,US
155,Hawaii_aquifer_Oahu,1557.904411764705,4.9090909090909065,hydraulic_conductivity,x,1/1,nan,10.1007/s10040-007-0271-0,US
156,Hawaii_aquifer_Oahu,2012.8676470588248,6.8811188811188755,hydraulic_conductivity,x,1/1,nan,10.1007/s10040-007-0271-0,US
157,Hawaii_aquifer_Oahu,2509.191176470589,3.0629370629370563,hydraulic_conductivity,x,1/1,nan,10.1007/s10040-007-0271-0,US
158,Hawaii_aquifer_Oahu,3046.8750000000014,6.167832167832161,hydraulic_conductivity,x,1/1,nan,10.1007/s10040-007-0271-0,US
159,Hawaii_aquifer_Oahu,3501.8382352941167,5.517482517482512,hydraulic_conductivity,x,1/1,nan,10.1007/s10040-007-0271-0,US
160,Hawaii_aquifer_Oahu,3984.3750000000014,4.489510489510487,hydraulic_conductivity,x,1/1,nan,10.1007/s10040-007-0271-0,US
161,Hawaii_aquifer_Oahu,4494.485294117647,8.160839160839156,hydraulic_conductivity,x,1/1,nan,10.1007/s10040-007-0271-0,US
162,Hawaii_aquifer_Oahu,5018.382352941177,6.020979020979017,hydraulic_conductivity,x,1/1,nan,10.1007/s10040-007-0271-0,US
163,Hawaii_aquifer_Oahu,5487.132352941177,4.888111888111883,hydraulic_conductivity,x,1/1,nan,10.1007/s10040-007-0271-0,US
164,Hawaii_aquifer_Oahu,6038.602941176472,7.573426573426571,hydraulic_conductivity,x,1/1,nan,10.1007/s10040-007-0271-0,US
165,Hawaii_aquifer_Oahu,6493.566176470591,4.510489510489506,hydraulic_conductivity,x,1/1,nan,10.1007/s10040-007-0271-0,US
166,Hawaii_aquifer_Oahu,7017.463235294119,4.34265734265734,hydraulic_conductivity,x,1/1,nan,10.1007/s10040-007-0271-0,US
167,Hawaii_aquifer_Oahu,7513.786764705883,6.965034965034961,hydraulic_conductivity,x,1/1,nan,10.1007/s10040-007-0271-0,US
168,Hawaii_aquifer_Oahu,7941.176470588236,5.559440559440555,hydraulic_conductivity,x,1/1,nan,10.1007/s10040-007-0271-0,US
169,Hawaii_aquifer_Oahu,8520.220588235296,6.482517482517477,hydraulic_conductivity,x,1/1,nan,10.1007/s10040-007-0271-0,US
170,Hawaii_aquifer_Oahu,8975.183823529413,7.09090909090909,hydraulic_conductivity,x,1/1,nan,10.1007/s10040-007-0271-0,US
171,Hawaii_aquifer_Oahu,9485.29411764706,4.678321678321673,hydraulic_conductivity,x,1/1,nan,10.1007/s10040-007-0271-0,US
172,Hawaii_aquifer_Oahu,9995.404411764708,7.762237762237757,hydraulic_conductivity,x,1/1,nan,10.1007/s10040-007-0271-0,US
173,Hawaii_aquifer_Oahu,10519.301470588236,4.9300699300699256,hydraulic_conductivity,x,1/1,nan,10.1007/s10040-007-0271-0,US
174,Hawaii_aquifer_Oahu,11015.625,9.755244755244751,hydraulic_conductivity,x,1/1,nan,10.1007/s10040-007-0271-0,US
175,Hawaii_aquifer_Oahu,11498.161764705883,5.1398601398601365,hydraulic_conductivity,x,1/1,nan,10.1007/s10040-007-0271-0,US
176,Hawaii_aquifer_Oahu,11980.698529411768,5.874125874125871,hydraulic_conductivity,x,1/1,nan,10.1007/s10040-007-0271-0,US
177,Hawaii_aquifer_Oahu,12518.382352941177,7.447552447552445,hydraulic_conductivity,x,1/1,nan,10.1007/s10040-007-0271-0,US
178,Hawaii_aquifer_Oahu,13014.705882352939,3.839160839160833,hydraulic_conductivity,x,1/1,nan,10.1007/s10040-007-0271-0,US
179,Hawaii_aquifer_Oahu,13497.242647058822,5.223776223776218,hydraulic_conductivity,x,1/1,nan,10.1007/s10040-007-0271-0,US
180,Hawaii_aquifer_Oahu,13979.779411764706,6.062937062937057,hydraulic_conductivity,x,1/1,nan,10.1007/s10040-007-0271-0,US
181,Hawaii_aquifer_Oahu,14489.889705882351,8.47552447552447,hydraulic_conductivity,x,1/1,nan,10.1007/s10040-007-0271-0,US
182,Karkheh_River_site,582.7333142713558,3.949771689497717,saturated_hydraulic_conductivty,x,1/1,nan,10.13031/2013.28512,IRN
183,Karkheh_River_site,1165.0767244591161,4.2024353120243525,saturated_hydraulic_conductivty,x,1/1,nan,10.13031/2013.28512,IRN
184,Karkheh_River_site,1652.0236021938586,4.418569254185692,saturated_hydraulic_conductivty,x,1/1,nan,10.13031/2013.28512,IRN
185,Karkheh_River_site,2126.016999818044,4.391171993911719,saturated_hydraulic_conductivty,x,1/1,nan,10.13031/2013.28512,IRN
186,Karkheh_River_site,2668.5468708031162,4.512937595129375,saturated_hydraulic_conductivty,x,1/1,nan,10.13031/2013.28512,IRN
187,Karkheh_River_site,3183.6534879086407,4.707762557077625,saturated_hydraulic_conductivty,x,1/1,nan,10.13031/2013.28512,IRN
188,Karkheh_River_site,3679.1349328065294,4.856925418569253,saturated_hydraulic_conductivty,x,1/1,nan,10.13031/2013.28512,IRN
189,Karkheh_River_site,4197.967300044186,4.646879756468797,saturated_hydraulic_conductivty,x,1/1,nan,10.13031/2013.28512,IRN
190,Karkheh_River_site,4711.211042083647,4.710806697108067,saturated_hydraulic_conductivty,x,1/1,nan,10.13031/2013.28512,IRN
191,Karkheh_River_site,5192.525971944233,4.531202435312023,saturated_hydraulic_conductivty,x,1/1,nan,10.13031/2013.28512,IRN
192,Karkheh_River_site,5669.421988857408,4.707762557077625,saturated_hydraulic_conductivty,x,1/1,nan,10.13031/2013.28512,IRN
193,Karkheh_River_site,6181.019469210575,4.656012176560121,saturated_hydraulic_conductivty,x,1/1,nan,10.13031/2013.28512,IRN
194,Karkheh_River_site,6703.924167988008,4.732115677321156,saturated_hydraulic_conductivty,x,1/1,nan,10.13031/2013.28512,IRN
195,Karkheh_River_site,7227.175448173086,4.832572298325721,saturated_hydraulic_conductivty,x,1/1,nan,10.13031/2013.28512,IRN
196,Karkheh_River_site,7721.87708490378,4.9269406392694055,saturated_hydraulic_conductivty,x,1/1,nan,10.13031/2013.28512,IRN
197,Karkheh_River_site,8196.00045055583,4.908675799086756,saturated_hydraulic_conductivty,x,1/1,nan,10.13031/2013.28512,IRN
198,Karkheh_River_site,8716.955628915288,4.847792998477929,saturated_hydraulic_conductivty,x,1/1,nan,10.13031/2013.28512,IRN
199,Karkheh_River_site,9240.640135859903,4.9786910197869085,saturated_hydraulic_conductivty,x,1/1,nan,10.13031/2013.28512,IRN
200,Karkheh_River_site,9752.194293537124,4.923896499238964,saturated_hydraulic_conductivty,x,1/1,nan,10.13031/2013.28512,IRN
201,Kiso_river,4.984267972829528,0.18828451882845187,permeability,x,1/1,nan,10.1029/2001WR000672,JAP
202,Kiso_river,9.979008096876925,0.28451882845188303,permeability,x,1/1,nan,10.1029/2001WR000672,JAP
203,Kiso_river,14.746216935372535,0.3807531380753141,permeability,x,1/1,nan,10.1029/2001WR000672,JAP
204,Kiso_river,19.9688056828874,0.4741980474198044,permeability,x,1/1,nan,10.1029/2001WR000672,JAP
205,Kiso_river,24.864536377238625,0.4407252440725245,permeability,x,1/1,nan,10.1029/2001WR000672,JAP
206,Kiso_river,29.966854054705852,0.5913528591352858,permeability,x,1/1,nan,10.1029/2001WR000672,JAP
207,Kiso_river,34.85687266657465,0.608089260808926,permeability,x,1/1,nan,10.1029/2001WR000672,JAP
208,Kiso_river,39.97870662585702,0.5871687587168758,permeability,x,1/1,nan,10.1029/2001WR000672,JAP
209,Kiso_river,44.86459984482173,0.6401673640167364,permeability,x,1/1,nan,10.1029/2001WR000672,JAP
210,Kiso_river,49.87060546487622,0.6373779637377963,permeability,x,1/1,nan,10.1029/2001WR000672,JAP
211,Kiso_river,54.869312312869816,0.6987447698744771,permeability,x,1/1,nan,10.1029/2001WR000672,JAP
212,Kiso_river,59.977659410735214,0.7963737796373779,permeability,x,1/1,nan,10.1029/2001WR000672,JAP
213,Kiso_river,64.99540653367035,0.6903765690376569,permeability,x,1/1,nan,10.1029/2001WR000672,JAP
214,Kiso_river,69.88098241471937,0.7461645746164575,permeability,x,1/1,nan,10.1029/2001WR000672,JAP
215,Kiso_river,74.90824967512532,0.5564853556485355,permeability,x,1/1,nan,10.1029/2001WR000672,JAP
216,Kiso_river,79.9009271027207,0.6708507670850766,permeability,x,1/1,nan,10.1029/2001WR000672,JAP
217,Kiso_river,84.90947142610071,0.6457461645746164,permeability,x,1/1,nan,10.1029/2001WR000672,JAP
218,Kiso_river,89.91484237032381,0.6485355648535563,permeability,x,1/1,nan,10.1029/2001WR000672,JAP
219,Kiso_river,95.04111906042593,0.5885634588563458,permeability,x,1/1,nan,10.1029/2001WR000672,JAP
220,Kiso_river,99.92717094834845,0.6401673640167364,permeability,x,1/1,nan,10.1029/2001WR000672,JAP
221,Kiso_river,104.82369498748896,0.5997210599721059,permeability,x,1/1,nan,10.1029/2001WR000672,JAP
222,Kiso_river,109.81843511153632,0.6959553695955369,permeability,x,1/1,nan,10.1029/2001WR000672,JAP
223,Kiso_river,115.05736676170936,0.6457461645746164,permeability,x,1/1,nan,10.1029/2001WR000672,JAP
224,Kiso_river,119.834889082465,0.6513249651324965,permeability,x,1/1,nan,10.1029/2001WR000672,JAP
225,Lutzito_catchment,7.019504324475335,0.6326721665706938,saturated_hydraulic_conductivty,x,1/1,nan,10.1016/j.geoderma.2012.11.002,PAN
226,Lutzito_catchment,9.694578584582409,0.5904319914251668,saturated_hydraulic_conductivty,x,1/1,nan,10.1016/j.geoderma.2012.11.002,PAN
227,Lutzito_catchment,12.786991795754796,0.7400673899781637,saturated_hydraulic_conductivty,x,1/1,nan,10.1016/j.geoderma.2012.11.002,PAN
228,Lutzito_catchment,14.153947901047351,0.7888664002234929,saturated_hydraulic_conductivty,x,1/1,nan,10.1016/j.geoderma.2012.11.002,PAN
229,Lutzito_catchment,16.876913516194712,0.860448012223698,saturated_hydraulic_conductivty,x,1/1,nan,10.1016/j.geoderma.2012.11.002,PAN
230,Lutzito_catchment,18.850037343854247,0.749905642627867,saturated_hydraulic_conductivty,x,1/1,nan,10.1016/j.geoderma.2012.11.002,PAN
231,Lutzito_catchment,21.571634634571886,0.8182352035667656,saturated_hydraulic_conductivty,x,1/1,nan,10.1016/j.geoderma.2012.11.002,PAN
232,Lutzito_catchment,24.304178520727287,0.9125811729961172,saturated_hydraulic_conductivty,x,1/1,nan,10.1016/j.geoderma.2012.11.002,PAN
233,Lutzito_catchment,26.638539997833494,0.8605802835852379,saturated_hydraulic_conductivty,x,1/1,nan,10.1016/j.geoderma.2012.11.002,PAN
234,Lutzito_catchment,27.94939480150746,0.7760452003169951,saturated_hydraulic_conductivty,x,1/1,nan,10.1016/j.geoderma.2012.11.002,PAN
235,Lutzito_catchment,29.666641960808924,0.8573692822568231,saturated_hydraulic_conductivty,x,1/1,nan,10.1016/j.geoderma.2012.11.002,PAN
236,Lutzito_catchment,31.690393792368173,0.8671528019293374,saturated_hydraulic_conductivty,x,1/1,nan,10.1016/j.geoderma.2012.11.002,PAN
237,Lutzito_catchment,33.551999179005364,0.8915682708370154,saturated_hydraulic_conductivty,x,1/1,nan,10.1016/j.geoderma.2012.11.002,PAN
238,Lutzito_catchment,36.28317474073104,0.9826621892050604,saturated_hydraulic_conductivty,x,1/1,nan,10.1016/j.geoderma.2012.11.002,PAN
239,Lutzito_catchment,37.70691630985709,0.7664213184946149,saturated_hydraulic_conductivty,x,1/1,nan,10.1016/j.geoderma.2012.11.002,PAN
240,Lutzito_catchment,40.43261857386389,0.8445070326174334,saturated_hydraulic_conductivty,x,1/1,nan,10.1016/j.geoderma.2012.11.002,PAN
241,Lutzito_catchment,41.469808491593376,0.9095617370878636,saturated_hydraulic_conductivty,x,1/1,nan,10.1016/j.geoderma.2012.11.002,PAN
242,Lutzito_catchment,44.49106883242019,0.8900904804529153,saturated_hydraulic_conductivty,x,1/1,nan,10.1016/j.geoderma.2012.11.002,PAN
243,Lutzito_catchment,46.538082179284714,0.9551588681676424,saturated_hydraulic_conductivty,x,1/1,nan,10.1016/j.geoderma.2012.11.002,PAN
244,Lutzito_catchment,48.884758576258456,0.9324264383085228,saturated_hydraulic_conductivty,x,1/1,nan,10.1016/j.geoderma.2012.11.002,PAN
245,Lutzito_catchment,49.9192118451285,0.9909770406563396,saturated_hydraulic_conductivty,x,1/1,nan,10.1016/j.geoderma.2012.11.002,PAN
246,Lutzito_catchment,51.9634885431336,1.0495413262484534,saturated_hydraulic_conductivty,x,1/1,nan,10.1016/j.geoderma.2012.11.002,PAN
247,Lutzito_catchment,53.94482231737146,0.958511263020462,saturated_hydraulic_conductivty,x,1/1,nan,10.1016/j.geoderma.2012.11.002,PAN
248,Lutzito_catchment,55.359669777704326,1.1211320604115236,saturated_hydraulic_conductivty,x,1/1,nan,10.1016/j.geoderma.2012.11.002,PAN
249,Lutzito_catchment,58.68880311521864,1.0333722925705684,saturated_hydraulic_conductivty,x,1/1,nan,10.1016/j.geoderma.2012.11.002,PAN
250,Lutzito_catchment,60.02565608305731,1.0106261794671516,saturated_hydraulic_conductivty,x,1/1,nan,10.1016/j.geoderma.2012.11.002,PAN
251,Lutzito_catchment,62.00014823514656,0.9033358609326271,saturated_hydraulic_conductivty,x,1/1,nan,10.1016/j.geoderma.2012.11.002,PAN
252,Lutzito_catchment,63.3657360160094,0.9488828201166496,saturated_hydraulic_conductivty,x,1/1,nan,10.1016/j.geoderma.2012.11.002,PAN
253,Lutzito_catchment,64.2312012178088,1.0058051163930968,saturated_hydraulic_conductivty,x,1/1,nan,10.1016/j.geoderma.2012.11.002,PAN
254,Lutzito_catchment,65.76167209245314,1.0432242284645692,saturated_hydraulic_conductivty,x,1/1,nan,10.1016/j.geoderma.2012.11.002,PAN
255,Lutzito_catchment,67.81005376374742,1.1115446672406026,saturated_hydraulic_conductivty,x,1/1,nan,10.1016/j.geoderma.2012.11.002,PAN
256,Lutzito_catchment,69.10312034983497,0.9847329201753736,saturated_hydraulic_conductivty,x,1/1,nan,10.1016/j.geoderma.2012.11.002,PAN
257,Lutzito_catchment,70.30108838805685,1.0319036243493334,saturated_hydraulic_conductivty,x,1/1,nan,10.1016/j.geoderma.2012.11.002,PAN
258,Lutzito_catchment,71.50589804842727,1.095334583829826,saturated_hydraulic_conductivty,x,1/1,nan,10.1016/j.geoderma.2012.11.002,PAN
259,Lutzito_catchment,73.48860014709491,1.0075565716631414,saturated_hydraulic_conductivty,x,1/1,nan,10.1016/j.geoderma.2012.11.002,PAN
260,Lutzito_catchment,74.46421546548689,0.9262689783747726,saturated_hydraulic_conductivty,x,1/1,nan,10.1016/j.geoderma.2012.11.002,PAN
261,Lutzito_catchment,75.79970010889582,0.9002708142100492,saturated_hydraulic_conductivty,x,1/1,nan,10.1016/j.geoderma.2012.11.002,PAN
262,Lutzito_catchment,77.51284229490813,0.9718387429659572,saturated_hydraulic_conductivty,x,1/1,nan,10.1016/j.geoderma.2012.11.002,PAN
263,Lutzito_catchment,79.2095645877638,1.0043820589861856,saturated_hydraulic_conductivty,x,1/1,nan,10.1016/j.geoderma.2012.11.002,PAN
264,Lutzito_catchment,80.54504923117274,0.9783838948214622,saturated_hydraulic_conductivty,x,1/1,nan,10.1016/j.geoderma.2012.11.002,PAN
265,Lutzito_catchment,81.85453571041694,0.8905967604919125,saturated_hydraulic_conductivty,x,1/1,nan,10.1016/j.geoderma.2012.11.002,PAN
266,Lutzito_catchment,83.24748997987425,1.001184740902068,saturated_hydraulic_conductivty,x,1/1,nan,10.1016/j.geoderma.2012.11.002,PAN
267,Lutzito_catchment,84.87716437567346,0.8743775549182711,saturated_hydraulic_conductivty,x,1/1,nan,10.1016/j.geoderma.2012.11.002,PAN
268,Lutzito_catchment,86.54652017993467,0.8418798497123668,saturated_hydraulic_conductivty,x,1/1,nan,10.1016/j.geoderma.2012.11.002,PAN
269,Lutzito_catchment,87.58234177323445,0.90368250312149,saturated_hydraulic_conductivty,x,1/1,nan,10.1016/j.geoderma.2012.11.002,PAN
270,Lutzito_catchment,88.29523880111978,0.9980011060622472,saturated_hydraulic_conductivty,x,1/1,nan,10.1016/j.geoderma.2012.11.002,PAN
271,Lutzito_catchment,89.33790201656815,1.076064014777904,saturated_hydraulic_conductivty,x,1/1,nan,10.1016/j.geoderma.2012.11.002,PAN
272,Lutzito_catchment,91.97739984150243,0.9492705120384044,saturated_hydraulic_conductivty,x,1/1,nan,10.1016/j.geoderma.2012.11.002,PAN
273,Lutzito_catchment,93.97652183332669,0.9005171126073992,saturated_hydraulic_conductivty,x,1/1,nan,10.1016/j.geoderma.2012.11.002,PAN
274,Lutzito_catchment,94.97129369373482,0.8647582341773234,saturated_hydraulic_conductivty,x,1/1,nan,10.1016/j.geoderma.2012.11.002,PAN
275,Lutzito_catchment,97.32070673956798,0.8485299064408169,saturated_hydraulic_conductivty,x,1/1,nan,10.1016/j.geoderma.2012.11.002,PAN
276,Lutzito_catchment,98.73692252433054,1.014402754893185,saturated_hydraulic_conductivty,x,1/1,nan,10.1016/j.geoderma.2012.11.002,PAN
277,Lutzito_catchment,103.05124945124491,0.8681197511930079,saturated_hydraulic_conductivty,x,1/1,nan,10.1016/j.geoderma.2012.11.002,PAN
278,Lutzito_catchment,104.11717418199856,1.0014675279508771,saturated_hydraulic_conductivty,x,1/1,nan,10.1016/j.geoderma.2012.11.002,PAN
279,Lutzito_catchment,105.79200328397866,0.9819780269901994,saturated_hydraulic_conductivty,x,1/1,nan,10.1016/j.geoderma.2012.11.002,PAN
280,Lutzito_catchment,109.1238732703524,0.9007223612718576,saturated_hydraulic_conductivty,x,1/1,nan,10.1016/j.geoderma.2012.11.002,PAN
281,Lutzito_catchment,109.84087527152691,1.0047971173965349,saturated_hydraulic_conductivty,x,1/1,nan,10.1016/j.geoderma.2012.11.002,PAN
282,Lutzito_catchment,111.85094385878892,0.9820601264559828,saturated_hydraulic_conductivty,x,1/1,nan,10.1016/j.geoderma.2012.11.002,PAN
283,Lutzito_catchment,113.16316698689259,0.9007770942490464,saturated_hydraulic_conductivty,x,1/1,nan,10.1016/j.geoderma.2012.11.002,PAN
284,Lutzito_catchment,114.50001995473127,0.8780309811456296,saturated_hydraulic_conductivty,x,1/1,nan,10.1016/j.geoderma.2012.11.002,PAN
285,Lutzito_catchment,116.17348073228165,0.8552894291236453,saturated_hydraulic_conductivty,x,1/1,nan,10.1016/j.geoderma.2012.11.002,PAN
286,Lutzito_catchment,116.90827095104252,1.0016408490453088,saturated_hydraulic_conductivty,x,1/1,nan,10.1016/j.geoderma.2012.11.002,PAN
287,Lutzito_catchment,117.88525459386422,0.9236053068182468,saturated_hydraulic_conductivty,x,1/1,nan,10.1016/j.geoderma.2012.11.002,PAN
288,Lutzito_catchment,118.54752361784979,0.8975980204906583,saturated_hydraulic_conductivty,x,1/1,nan,10.1016/j.geoderma.2012.11.002,PAN
289,Lutzito_catchment,120.2524558572838,0.9496536428787266,saturated_hydraulic_conductivty,x,1/1,nan,10.1016/j.geoderma.2012.11.002,PAN
290,Manoa_Waimanalo_Research_Station,11.58632883813736,0.7050250032160674,saturated_hydraulic_conductivty,x,1/1,nan,10.3390/agronomy9110750,US
291,Manoa_Waimanalo_Research_Station,23.52601456673409,1.1462968690554067,saturated_hydraulic_conductivty,x,1/1,nan,10.3390/agronomy9110750,US
292,Manoa_Waimanalo_Research_Station,32.858085194318924,0.9729248151787449,saturated_hydraulic_conductivty,x,1/1,nan,10.3390/agronomy9110750,US
293,Manoa_Waimanalo_Research_Station,42.6989787958495,1.1879880553875295,saturated_hydraulic_conductivty,x,1/1,nan,10.3390/agronomy9110750,US
294,Manoa_Waimanalo_Research_Station,53.636346218588606,1.0147090621946446,saturated_hydraulic_conductivty,x,1/1,nan,10.3390/agronomy9110750,US
295,Manoa_Waimanalo_Research_Station,63.001261793388885,1.1891649993294156,saturated_hydraulic_conductivty,x,1/1,nan,10.3390/agronomy9110750,US
296,Manoa_Waimanalo_Research_Station,73.50945523917966,1.4709335902538094,saturated_hydraulic_conductivty,x,1/1,nan,10.3390/agronomy9110750,US
297,Manoa_Waimanalo_Research_Station,84.06335790317858,1.236762802002447,saturated_hydraulic_conductivty,x,1/1,nan,10.3390/agronomy9110750,US
298,Manoa_Waimanalo_Research_Station,94.17932793763839,1.3648854669319808,saturated_hydraulic_conductivty,x,1/1,nan,10.3390/agronomy9110750,US
299,Mansoura_site,384.1652323580042,0.9465289730349972,saturated_hydraulic_conductivty,x,1/1,nan,10.1016/0016-7061(93)90040-R,EGY
300,Mansoura_site,720.5966724039018,1.0326752725186459,saturated_hydraulic_conductivty,x,1/1,nan,10.1016/0016-7061(93)90040-R,EGY
301,Mansoura_site,1022.2987186842616,1.0698605851979346,saturated_hydraulic_conductivty,x,1/1,nan,10.1016/0016-7061(93)90040-R,EGY
302,Mansoura_site,1302.8877414419585,1.0825674125071716,saturated_hydraulic_conductivty,x,1/1,nan,10.1016/0016-7061(93)90040-R,EGY
303,Mansoura_site,1640.390131956398,1.1129988525530694,saturated_hydraulic_conductivty,x,1/1,nan,10.1016/0016-7061(93)90040-R,EGY
304,Mansoura_site,1933.5245744884305,1.145903040734366,saturated_hydraulic_conductivty,x,1/1,nan,10.1016/0016-7061(93)90040-R,EGY
305,Mansoura_site,2245.018167909734,1.16226678141136,saturated_hydraulic_conductivty,x,1/1,nan,10.1016/0016-7061(93)90040-R,EGY
306,Mansoura_site,2577.012813157393,1.1706603557085484,saturated_hydraulic_conductivty,x,1/1,nan,10.1016/0016-7061(93)90040-R,EGY
307,Mansoura_site,2868.1583476764195,1.1956064257028114,saturated_hydraulic_conductivty,x,1/1,nan,10.1016/0016-7061(93)90040-R,EGY
308,Mansoura_site,3155.632052017595,1.2058605851979345,saturated_hydraulic_conductivty,x,1/1,nan,10.1016/0016-7061(93)90040-R,EGY
309,Mansoura_site,3444.78867852362,1.2228485370051634,saturated_hydraulic_conductivty,x,1/1,nan,10.1016/0016-7061(93)90040-R,EGY
310,Mansoura_site,3747.714668196598,1.2349311531841654,saturated_hydraulic_conductivty,x,1/1,nan,10.1016/0016-7061(93)90040-R,EGY
311,Mansoura_site,4072.977624784854,1.2463895582329316,saturated_hydraulic_conductivty,x,1/1,nan,10.1016/0016-7061(93)90040-R,EGY
312,Mansoura_site,4369.477911646588,1.2627613310384391,saturated_hydraulic_conductivty,x,1/1,nan,10.1016/0016-7061(93)90040-R,EGY
313,Mansoura_site,4663.2243258749295,1.268114170969593,saturated_hydraulic_conductivty,x,1/1,nan,10.1016/0016-7061(93)90040-R,EGY
314,Mansoura_site,4950.545037292026,1.2777561675272515,saturated_hydraulic_conductivty,x,1/1,nan,10.1016/0016-7061(93)90040-R,EGY
315,Mansoura_site,5258.060814687323,1.2782036718301781,saturated_hydraulic_conductivty,x,1/1,nan,10.1016/0016-7061(93)90040-R,EGY
316,Mansoura_site,5588.372537770129,1.279863453815261,saturated_hydraulic_conductivty,x,1/1,nan,10.1016/0016-7061(93)90040-R,EGY
317,Mansoura_site,5879.2120864410035,1.2735851979345956,saturated_hydraulic_conductivty,x,1/1,nan,10.1016/0016-7061(93)90040-R,EGY
318,Mansoura_site,6179.9961751769,1.2770975329890992,saturated_hydraulic_conductivty,x,1/1,nan,10.1016/0016-7061(93)90040-R,EGY
319,Mansoura_site,6480.780263912796,1.2806098680436029,saturated_hydraulic_conductivty,x,1/1,nan,10.1016/0016-7061(93)90040-R,EGY
320,Mansoura_site,6774.37368521706,1.285350545037292,saturated_hydraulic_conductivty,x,1/1,nan,10.1016/0016-7061(93)90040-R,EGY
321,Mansoura_site,7076.228724421497,1.2931480206540449,saturated_hydraulic_conductivty,x,1/1,nan,10.1016/0016-7061(93)90040-R,EGY
322,Mansoura_site,7369.516159877605,1.2966643717728057,saturated_hydraulic_conductivty,x,1/1,nan,10.1016/0016-7061(93)90040-R,EGY
323,Mansoura_site,7662.803595333717,1.3001807228915665,saturated_hydraulic_conductivty,x,1/1,nan,10.1016/0016-7061(93)90040-R,EGY
324,Mansoura_site,7970.93134442532,1.3030768789443488,saturated_hydraulic_conductivty,x,1/1,nan,10.1016/0016-7061(93)90040-R,EGY
325,Nazareno_site,0.13525060822921908,45.940764923298595,saturated_hydraulic_conductivty,x,1/1,nan,10.1016/j.still.2021.105127,BRA
326,Nazareno_site,0.2341115405656644,68.58290375523163,saturated_hydraulic_conductivty,x,1/1,nan,10.1016/j.still.2021.105127,BRA
327,Nazareno_site,0.3284891452767166,103.34248086357428,saturated_hydraulic_conductivty,x,1/1,nan,10.1016/j.still.2021.105127,BRA
328,Nazareno_site,0.4240480712350946,82.21079645781533,saturated_hydraulic_conductivty,x,1/1,nan,10.1016/j.still.2021.105127,BRA
329,Nazareno_site,0.5146895695916527,93.73490546316594,saturated_hydraulic_conductivty,x,1/1,nan,10.1016/j.still.2021.105127,BRA
330,Nazareno_site,0.6104264053764352,64.1858623956447,saturated_hydraulic_conductivty,x,1/1,nan,10.1016/j.still.2021.105127,BRA
331,Nazareno_site,0.7032953347595774,70.32464095573154,saturated_hydraulic_conductivty,x,1/1,nan,10.1016/j.still.2021.105127,BRA
332,Nazareno_site,0.7941432085147646,72.08461391343792,saturated_hydraulic_conductivty,x,1/1,nan,10.1016/j.still.2021.105127,BRA
333,Nazareno_site,0.8868840428228955,84.28389070999356,saturated_hydraulic_conductivty,x,1/1,nan,10.1016/j.still.2021.105127,BRA
334,Plastic_Lake_watershed,14.205231299527547,2.8195128840556367,saturated_hydraulic_conductivty,x,1/1,nan,10.1016/S0022-1694(97)00095-4,CAN
335,Plastic_Lake_watershed,21.803701586867255,5.159240616386813,saturated_hydraulic_conductivty,x,1/1,nan,10.1016/S0022-1694(97)00095-4,CAN
336,Plastic_Lake_watershed,39.222609382620156,7.867758856202153,saturated_hydraulic_conductivty,x,1/1,nan,10.1016/S0022-1694(97)00095-4,CAN
337,Plastic_Lake_watershed,53.55494894705365,8.394481382831996,saturated_hydraulic_conductivty,x,1/1,nan,10.1016/S0022-1694(97)00095-4,CAN
338,Plastic_Lake_watershed,66.66519550619321,7.2045538301295124,saturated_hydraulic_conductivty,x,1/1,nan,10.1016/S0022-1694(97)00095-4,CAN
339,Plastic_Lake_watershed,82.05323982637364,7.411387223412638,saturated_hydraulic_conductivty,x,1/1,nan,10.1016/S0022-1694(97)00095-4,CAN
340,Plastic_Lake_watershed,97.43488459849459,7.232199877746567,saturated_hydraulic_conductivty,x,1/1,nan,10.1016/S0022-1694(97)00095-4,CAN
341,Takelsa_multilayer_aquifer,220.5882352941176,0.1054945054945049,hydraulic_transmissivity,x,1/1,nan,10.1007/s12665-017-7021-y,TUN
342,Takelsa_multilayer_aquifer,455.88235294117584,0.32527472527472523,hydraulic_transmissivity,x,1/1,nan,10.1007/s12665-017-7021-y,TUN
343,Takelsa_multilayer_aquifer,713.2352941176471,0.4465934065934065,hydraulic_transmissivity,x,1/1,nan,10.1007/s12665-017-7021-y,TUN
344,Takelsa_multilayer_aquifer,1014.7058823529413,0.3147252747252747,hydraulic_transmissivity,x,1/1,nan,10.1007/s12665-017-7021-y,TUN
345,Takelsa_multilayer_aquifer,1286.7647058823532,0.4773626373626374,hydraulic_transmissivity,x,1/1,nan,10.1007/s12665-017-7021-y,TUN
346,Takelsa_multilayer_aquifer,1808.8235294117649,0.4395604395604395,hydraulic_transmissivity,x,1/1,nan,10.1007/s12665-017-7021-y,TUN
347,Takelsa_multilayer_aquifer,2088.2352941176473,0.4448351648351648,hydraulic_transmissivity,x,1/1,nan,10.1007/s12665-017-7021-y,TUN
348,Takelsa_multilayer_aquifer,2397.058823529413,0.2892307692307693,hydraulic_transmissivity,x,1/1,nan,10.1007/s12665-017-7021-y,TUN
349,Takelsa_multilayer_aquifer,2661.7647058823527,0.3920879120879121,hydraulic_transmissivity,x,1/1,nan,10.1007/s12665-017-7021-y,TUN
350,Takelsa_multilayer_aquifer,2933.8235294117653,0.6074725274725274,hydraulic_transmissivity,x,1/1,nan,10.1007/s12665-017-7021-y,TUN
351,Takelsa_multilayer_aquifer,3227.9411764705883,0.6839560439560439,hydraulic_transmissivity,x,1/1,nan,10.1007/s12665-017-7021-y,TUN
352,Takelsa_multilayer_aquifer,3492.6470588235297,0.3859340659340659,hydraulic_transmissivity,x,1/1,nan,10.1007/s12665-017-7021-y,TUN
353,Takelsa_multilayer_aquifer,3779.4117647058833,0.3569230769230768,hydraulic_transmissivity,x,1/1,nan,10.1007/s12665-017-7021-y,TUN
354,Takelsa_multilayer_aquifer,4058.823529411766,0.4606593406593407,hydraulic_transmissivity,x,1/1,nan,10.1007/s12665-017-7021-y,TUN
355,Takelsa_multilayer_aquifer,4375.000000000001,0.3920879120879121,hydraulic_transmissivity,x,1/1,nan,10.1007/s12665-017-7021-y,TUN
356,Takelsa_multilayer_aquifer,4602.941176470589,0.5248351648351648,hydraulic_transmissivity,x,1/1,nan,10.1007/s12665-017-7021-y,TUN
357,Takelsa_multilayer_aquifer,4904.411764705882,0.3736263736263736,hydraulic_transmissivity,x,1/1,nan,10.1007/s12665-017-7021-y,TUN
358,Takelsa_multilayer_aquifer,5176.470588235299,0.31560439560439546,hydraulic_transmissivity,x,1/1,nan,10.1007/s12665-017-7021-y,TUN
359,Takelsa_multilayer_aquifer,5404.4117647058865,0.3947252747252747,hydraulic_transmissivity,x,1/1,nan,10.1007/s12665-017-7021-y,TUN
360,Takelsa_multilayer_aquifer,5742.647058823532,0.20835164835164832,hydraulic_transmissivity,x,1/1,nan,10.1007/s12665-017-7021-y,TUN
361,Takelsa_multilayer_aquifer,5992.647058823529,0.34637362637362634,hydraulic_transmissivity,x,1/1,nan,10.1007/s12665-017-7021-y,TUN
362,Takelsa_multilayer_aquifer,6610.2941176470595,0.2804395604395604,hydraulic_transmissivity,x,1/1,nan,10.1007/s12665-017-7021-y,TUN
363,Takelsa_multilayer_aquifer,6801.470588235293,0.5195604395604395,hydraulic_transmissivity,x,1/1,nan,10.1007/s12665-017-7021-y,TUN
364,Upper_Jurassic_Ain_Dar_field,7.50706017440957,0.6920289855072465,porosity,x,1/1,nan,10.1007/s12517-012-0708-1,SA
365,Upper_Jurassic_Ain_Dar_field,32.22930825807652,0.9655797101449276,porosity,x,1/1,nan,10.1007/s12517-012-0708-1,SA
366,Upper_Jurassic_Ain_Dar_field,64.56645874065106,0.9583333333333336,porosity,x,1/1,nan,10.1007/s12517-012-0708-1,SA
367,Upper_Jurassic_Ain_Dar_field,96.4939639388015,0.907608695652174,porosity,x,1/1,nan,10.1007/s12517-012-0708-1,SA
368,Upper_Jurassic_Ain_Dar_field,129.59997517301304,1.1050724637681162,porosity,x,1/1,nan,10.1007/s12517-012-0708-1,SA
369,Upper_Jurassic_Ain_Dar_field,162.60124755609345,1.0471014492753623,porosity,x,1/1,nan,10.1007/s12517-012-0708-1,SA
370,Upper_Ulayyah_reservoir,99.73505136953665,0.3607065932180764,indicator,x,1/5,nan,10.1016/j.petrol.2019.106664,SA
371,Upper_Ulayyah_reservoir,199.37098526580644,0.924503936107349,indicator,x,1/5,nan,10.1016/j.petrol.2019.106664,SA
372,Upper_Ulayyah_reservoir,301.8660770447744,0.9414635076148866,indicator,x,1/5,nan,10.1016/j.petrol.2019.106664,SA
373,Upper_Ulayyah_reservoir,403.7435907210797,1.0365400377408789,indicator,x,1/5,nan,10.1016/j.petrol.2019.106664,SA
374,Upper_Ulayyah_reservoir,505.46099155595397,1.0222394830642485,indicator,x,1/5,nan,10.1016/j.petrol.2019.106664,SA
375,Upper_Ulayyah_reservoir,604.4640985075198,1.1537369193526792,indicator,x,1/5,nan,10.1016/j.petrol.2019.106664,SA
376,Upper_Ulayyah_reservoir,703.2689705125517,1.1498151077902432,indicator,x,1/5,nan,10.1016/j.petrol.2019.106664,SA
